feature,mean_importance
feature_4,0.0030121476661505524
feature_3,0.019081375105101453
feature_5,0.05029180431967982
feature_2,0.4694540181914711
feature_1,1.1889648464305727
