feature,mean_importance
feature_4,0.00022300255323909335
feature_3,0.009039130844882903
feature_2,0.029796811734402472
feature_1,0.10332301656115517
feature_5,0.12164868188709994
