feature,weight
intercept,1.3694621928587434
feature_1,-11.572055597162489
feature_2,6.581578879436513
feature_3,-3.1641570122334866
feature_4,0.7586283009850849
feature_5,0.8383161741249402
