feature,shap_importance
feature_5,0.7050811487313491
feature_1,0.3228421926164806
feature_2,0.24392677110177452
feature_3,0.12584119251207124
feature_4,0.010542366252934811
