feature,shap_importance
feature_1,0.3719760297423101
feature_2,0.11108493776315234
feature_3,0.012883260038882394
feature_4,0.006331415930070318
feature_5,0.001955178528614029
