feature,mean_importance
feature_4,0.006086548501083919
feature_5,0.00670933880443258
feature_3,0.021463868575539606
feature_2,0.20498243908089525
feature_1,1.0142641507244665
