feature,shap_importance
feature_1,0.400624151576354
feature_2,0.08492899647034717
feature_5,0.01196273338059298
feature_3,0.0
feature_4,0.0
