feature,mean_importance
feature_3,0.0
feature_4,0.0
feature_5,0.06531904587181404
feature_2,0.29513397473684366
feature_1,1.6039789270640064
