feature,mean_importance
feature_5,0.010754518785987996
feature_3,0.022017999082788592
feature_4,0.04203728282074394
feature_2,0.2514411756272061
feature_1,0.8106919892723186
