feature,shap_importance
feature_1,3.8351001739501953
feature_2,1.5072747468948364
feature_3,0.7642157673835754
feature_4,0.615135669708252
feature_5,0.337279736995697
